{"accounts":[{"address":"hx5a05b58a25a1e5ea0f1d5715e1f655dffc1fb30a","balance":"0x2961fff8ca4a62327800000","name":"god"},{"address":"hx6e1dd0d4432620778b54b2bbc21ac3df961adf89","balance":"0x52b7d2dcc80cd2e4000000","name":"score_owner"},{"address":"hx1000000000000000000000000000000000000000","balance":"0x0","name":"treasury"},{"address":"cx0000000000000000000000000000000000000001","name":"governance","score":{"contentId":"hash:0xfef859e7159f21ffc12d5b9ffd55202c1e0b559d43841c907b439f25863083a8","contentType":"application/zip","owner":"hx6e1dd0d4432620778b54b2bbc21ac3df961adf89"}},{"address":"hx9bfd21e661ef4b0c45a757af7bec353b496b42be","balance":"0x14adf4b7320334b90000000","name":"genesis address"}],"chain":{"blockInterval":"0x7d0","fee":{"stepCosts":{"apiCall":"0x2710","contractCall":"0x61a8","contractCreate":"0x3b9aca00","contractDestruct":"-0x11170","contractSet":"0x7530","contractUpdate":"0x5f5e1000","default":"0x186a0","delete":"-0xf0","eventLog":"0x64","get":"0x0","input":"0xc8","replace":"0x50","set":"0x140"},"stepLimit":{"invoke":"0x9502f900","query":"0x2faf080"},"stepPrice":"0x2e90edd00"},"feeSharingEnabled":"0x1","revision":"0xd","roundLimitFactor":"0x9","validatorList":["hx38f35eff5e5516b48a713fe3c8031c94124191f0","hxf526cc053c33a7c3a48b70111834cf3a71609f0c","hx14d4c29c4bd2bb2cc79f1284d7b6a403ad6a677a","hx24791b621e1f25bbac71e2bab8294ff38294a2c6"]},"message":"gochain generated genesis","nid":"0x7"}